Tags	IBooks	EBooks	IMarkers	EMarkers	IRefs	ERefs	PreText	SCase	Search	PostText	RCase	Replace	Name	Comment
# Individuals
dHG									Aaron			Ἀαρών/(אַהֲרֹן)		Acts 7:40
dHG									Abaddon			Ἀβαδδών/(אֲבַדּוֹן)		Rev 9:11
dHG									Abel			Ἄβελ/(הֶבֶל)		Heb 11:4
dHG									Abiathar			Ἀβιάθαρ/(אֶבְיָתָר)
dHG									Abijah			Ἀβιά/(אֲבִיָה)
dHG									Abiud			Ἀβιούδ/(אֲבִיהוּד)
dHG									Abraham			Ἀβραάμ/(אַבְרָהָם)
dHG									Achaz			Ἀχάζ/(אָחָז)		Matt 1:9
dHG									Achim			Ἀχείμ/(יוֹקִים)
dHG									Adam			Ἀδάμ/(אָדָם)
dHG									Addi			Ἀδδί/(עֲדִי?)
dHG									Admin			Ἀδμὶν/(רָם?)
dHG									Ahaz			Ἀχάζ/(אָחָז)
dHG									Aminadab			Ἀμιναδάβ/(עַמִּינָדָב)
dHG									Amos			Ἀμώς/(אָמוֹץ)
dHG									Aram			Ἀρὰμ/(רָם)
dG									Armageddon			Ἁρμαγεδών/(Mount Megiddon)		Rev 16:16
dHG									Arni			Ἀρνὶ/(רָם?)
dHG									Arphaxad			Ἀρφαξάδ/(אַרְפַּכְשַׂד)
dHG									Asaph			Ἀσάφ/(אָסָף)
dHG									Aser			Ἀσήρ/(אָשֵׁר)		Luke 2:36
dHG									Azor			Ἀζώρ/(עַזּוּר)
dHG									Baal			Βάαλ/(בַּעַל)		Rom 11:4
dHG									Balaam			Βαλαάμ/(בִּלְעָם)
dHG									Barachias			Βαραχίας/(בֶּרֶכְיָה)		Matt 23:35
dHG									Barak			Βαράκ/(בָּרָק)		Heb 11:32
dHG									Benjamin			Βενιαμίν/(בִּנְיָמִין)		Acts 13:21
dHG									Boaz			Βοόζ/(בֹּעַז)
wdHG									Cain			Κάϊν/(קַיִן)
dHG									Cainan			Καϊνάν/(קֵינָן)
wdHG									Canaan			Χαναάν/(כִּנַעַן)		Acts 7:11
dHG									Cosam			Κωσάμ/(קָסַם?)
dHG									Daniel			Δανιήλ/(דָנִיֵּאל)		Matt 24:15
dHG									David			Δαυίδ/(דָּוִד)
dHG									Eber			Ἕβερ/(עֵבֵר)
dHG									Eleazar			Ἐλεάζαρ/(אֶלְעָזָר)
dHG									Eliakim			Ἐλιακείμ/(אֶלְיָקִים)
dHG									Eliezer			Ἐλιέζερ/(אֶלִיעֶזֶר)
dHG									Elijah			Ἠλίας/(אֵלִיָּה)		Luke 4:26
dHG									Elisha			Ἐλισσαῖος/(אֱלִישָׁע)		Luke 4:27
dHG									Eliud			Ἐλιούδ/(אֵל-הוֹד)
wdHG									Eli			Ἠλὶ/(עֵלִי)
dHG									Elmadam			Ἐλμωδάμ/(אַלְמוֹדָד?)
dHG									Emmanuel			Ἐμμανουήλ/(עִמָּנוּאֵל)
dHG									Emmor			Ἐμμόρ/(חֲמוֹר)		Acts 7:16
dHG									Enoch			Ἐνώχ/(חֲנוֹךְ)
dHG									Enos			Ἐνώς/(אֱנוֹשׁ)
wdHG									Er			Ἤρ/(עֵר?)
dHG									Esau			Ἠσαῦ/(עֵשָׂו)		Heb 11:20
dHG									Esli			Ἐσλί/(אֶלְיְהוֹעֵינַי?)
dHG									Esrom			Ἑσρώμ/(חֶצְרוֹן)
wdHG									Eve			Εὔα/(חַוָּה)
dHG									Gabriel			Γαβριήλ/(גַּבְרִיאֵל)		angel Luke 1:19
wdHG									Gad			Γάδ/(גָּד)		Rev 7:5
dHG									Gamaliel			Γαμαλιήλ/(גַּמְלִיאֵל)		Acts 5:34
dHG									Gideon			Γεδεών/(גִּדְעוֹן)		Heb 11:32
dHG									Gog			Γώγ/(גּוֹג)
dHG									Hagar			Ἅγαρ/(הָגָר)		Gal 4:24
dHG									Hezron			Ἑσρώμ/(חֶצְרוֹן)
dHG									Hezekiah			Ἑζεκίας/(חִזְקִיָּה)
dHG									Isaac			Ἰσαὰκ/(יִצְחָק)
dHG									Isaiah			Ἠσαίας/(יְשַׁעְיָה)
wdHG									Israel			Ἰσραήλ/(יִשְׂרָאֵל)
dHG									Issachar			Ἰσαχάρ/(יִשָּׂשׂכָר)		Rev 7:7
dHG									Jacobus			Ἰάκωβος/(יַעֲקֹב)
dHG									Jacob			Ἰακὼβ/(יַעֲקֹב)
dHG									James			Ἰάκωβος/(יַעֲקֹב)
dHG									Jannai			Ἰαννά/(יָנָה?)
dHG									Jared			Ἰαρέδ/(יֶרֶד)
dHG									Jechonias			Ἰεχονίας/(יְכָנְיָה)
dHG									Jephtha			Ἰεφθάε/(יִפְתָּח)		Heb 11:32
dHG									Jeremiah			Ἰερεμίας/(יִרְמְיָה)		Matt 27:9
dHG									Jesse			Ἰεσσαί/(יִשַׁי)
dHG									Jesus			Ἰησοῦς/(יְהוֹשׁוּעַ)
dG									Joanan			Ἰωανάν/(?)		Luke 3:27
dHG									Joatham			Ἰωαθάμ/(יוֹתָם)
dHG									Job			Ἰώβ/(אִיּוֹב)		Jam 5:11
dHG									Joel			Ἰωήλ/(יוֹאֵל)		Acts 2:16
dHG									Jonah			Ἰωνᾶς/(יוֹנָה)		Matt 16:4
dG									Jonam			Ἰωνάν/(?)		Luke 3:30
dHG									Joram			Ἰωράμ/(יוֹרָם)
dHG									Jorim			Ἰωρείμ/(יוֹרָם?)
dHG									Josaphat			Ἰωσαφάτ/(יְהוֹשָׁפָט)
dHG									Joseph			Ἰωσὴφ/(יוֹסֵף)
dHG									Joses			Ἰωσῆς/(יוֹסֵף?)
dHG									Joshua			Ἰησοῦς/(יְהוֹשׁוּעַ)		Acts 7:45 same as Jesus
dHG									Josiah			Ἰωσίας/(יאֹשִׁיָּה)
dHG									Jotham			Ἰωαθάμ/(יוֹתָם)
dHG									Jodah			Ἰούδα/(יֻטָּה/יְהוּדָה)		Luke 3:26
dHG									Judah			Ἰούδα/(יְהוּדָה)
dHG									Judas			Ἰούδας/(יְהוּדָה)
wdHG									Jude			Ἰούδας/(יְהוּדָה)
wdHG									Kis			Κίς/(קִישׁ)		Acts 13:21
wdHG									Kore			Κορέ/(קֹרַח)		Jude 11
dHG									Lamech			Λάμεχ/(לֶמֶךְ)
wdHG									Levi			Λευΐ/(לֵוִי)
wdHG									Lot			Λώτ/(לוֹט)		Luke 17:28
wdHG									Maat			Μαάθ/(מָעַט?)
dHG									Maath			Μαάθ/(מָעַט?)
dHG									Magog			Μαγώγ/(מָגוֹג)
dHG									Maleleel			Μαλελεήλ/(מַהֲלַלְאֵל)
dHG									Manasseh			Μανασσῆς/(מְנַשֶּׁה)		Rev 7:6
dHG									Mary			Μαρία/(מִרְיָם)
dHG									Mathusala			Μαθουσάλα/(מְתוּשֶׁלַח)
dHG									Matthan			Ματθάν/(מַתָּן)
dHG									Matthat			Μαθθὰτ/(מַתָּת)
dHG									Matthat			Ματθάτ/(מַתָּת)
dHG									Mattathias			Ματταθίας/(מַתִּתְיָה)
dHG									Mattatha			Ματταθά/(מַתַּתָּה)
dG									Mattat			Μαθθὰτ/(?)
dHG									Melea			Μελεᾶς/(מְלֵאָה?)
dHG									Melchisedek			Μελχισεδέκ/(מַלְכִּי־צֶדֶק)
wdHG									Melchi			Μελχί/(מֶלֶךְ)
dG									Menna			Μαϊνάν/(?)
dHG									Michael			Μιχαήλ/(מִיכָאֵל)
dHG									Midian			Μαδιάμ/(מִדְיָן)		Acts 7:29
dHG									Moloch			Μολόχ/(מֹלֶךְ)		Acts 7:43
dHG									Moses			Μωσῆς/(מֹשֶׁה)
dHG									Naaman			Νεεμάν/(נַעֲמָן)		Luke 4:27
dHG									Naasson			Ναασσών/(נַחְשׁוֹן)
dHG									Nachor			Ναχώρ/(נָחוֹר)
dHG									Naggai			Ναγγαί/(נֹגַהּ?)
dHG									Nahum			Ναούμ/(נַחוּם)
dHG									Natham			Ναθάν/(נָתָן)
wdHG									Nathan			Ναθάν/(נָתָן)
dHG									Naum			Ναούμ/(נַחוּם)
dHG									Nephthalim			Νεφθαλείμ/(נַפְתָּלִי)
dHG									Neri			Νηρί/(נֵרִיָּה)
dHG									Noah			Νῶε/(נֹחַ)
dHG									Obed			Ἰωβήδ/Ὠβήδ/(עוֹבֵד)
dHG									Ozias			Ὀζίας/(עֻזִּיָּה)
dHG									Peleg			Φάλεκ/(פֶלֶג)
dHG									Perez			Φαρές/(פֶרֶץ)
dHG									Pharaoh			Φαραώ/(פַרְעֹה)		Acts 7:13
dHG									Rachel			Ῥαχήλ/(רָחֵל)		Matt 2:18
dHG									Ragau			Ῥαγαῦ/(רְעוּ)
dHG									Rahab			Ῥαχάβ/(רָחָב)
dHG									Rebecca			Ῥεβέκκα/(רִבְקָה)		Rom 9:10
dHG									Rehoboam			Ῥοβοάμ/(רְחַבְעָם)
dHG									Reuben			Ῥουβίμ/(רְאוּבֵן)		Rev 7:5
dHG									Rhesa			Ῥησά/(רְפָיָה?)
dHG									Ruth			Ῥούθ/(רוּת)
dHG									Salathiel			Σαλαθιήλ/(שְׁאַלְתִּיאֵל)
wdHG									Sala			Σαλά/(שֶׁלַח)
dHG									Salmon			Σαλμών/(שַׂלְמוֹן)
dHG									Samson			Σαμψών/(שִׁמְשׁוֺן)		Heb 11:32
dHG									Samuel			Σαμουήλ/(שְׁמוּאֵל)		Acts 3:24
dHG									Sarah			Σάρρα/(שָׂרָה)		Heb 11:11
dHG									Satan			Σατᾶν/(שָׂטָן)
dHG									Saul			Σαῦλος/(שָׁאוּל)		Acts 7:58, 8:1
dHG									Semein			Σεμεΐ/(שִׁמְעִי)
wdHG									Sem			Σήμ/(שֵׁם)
dHG									Seruch			Σερούχ/(שְׂרוּג)
dHG									Seth			Σήθ/(שֵׁת)
dHG									Simeon			Συμεών/(שִׁמְעוֹן)
dHG									Solomon			Σολομών/(שְׁלֹמִה)
dHG									Thamar			Θάμαρ/(תָּמָר)
dHG									Thara			Θάρα/(תֶּרַח)
dHG									Uriah			Οὐρίας/(איּרִיָּה)		Matt 1:6
dHG									Uzziah			Ὀζίας/(עֻזִּיָּה)
dHG									Zabulon			Ζαβουλών/(זְבוּלוּן)
dHG									Zadok			Σαδώκ/(צָדוֹק)
dHG									Zara			Ζαρά/(זֶרַח)
dHG									Zechariah			Ζαχαρίας/(זְכַרְיָה)
dHG									Zorobabel			Ζοροβάβελ/(זְרֻבָּבֶל)

# Tribes/Groups
dHG									Chaldeans¦			\add >ones¦\add*_from¦_Χαλδια/(כַּשְׂדִּי)¦		Acts 7:2 (not sure of Greek spelling)
dHG									Damascene¦			from¦_Δαμασκός/(דַּמֶּשֶׂק)¦		2 Cor 11:32
#dHG									Egyptians¦			\add >ones¦\add*_from¦_Αἴγυπτος/(מִצְרַיִם)¦
dHG									Egyptian¦			from¦_Αἴγυπτος/(מִצְרַיִם)¦		Acts 7:28
#dHG									Ethiopians			Αἰθίοψ/(כּוּשִׁי)		Acts 8:27
dHG									Ethiopian			Αἰθίοψ/(כּוּשִׁי)		Acts 8:27
dHG									Israelites¦			\add >ones¦\add*_from¦_Ἰσραήλ/(יִשְׂרָאֵל)¦		Acts 2:22
dHG									Jerusalemites¦			\add >ones¦\add*_from¦_Ἱερουσαλήμ/(יְרוּשָׁלַם)¦		Mrk 1:5
dHG									Levite¦			Λευΐτης¦/(from¦_tribe¦_of¦_לֵוִי¦)		Luk 10:32 doesn't work well for plural yet XXXX........
dHG									Ninevites¦			Νινευίτης¦/(\add >ones¦\add*_from¦_נִינְוֵה¦)		Luk 11:30
dHG									Ninevite¦			Νινευίτης¦/(from¦_נִינְוֵה¦)
wdHG									Samaritan¦			from¦_Σαμάρεια/(שֹׁמְרוֹן)¦
dHG									Samaritans			Σαμαρείτης/(שֹׁמְרוֹן)
dHG									Tyrians			Τύρος/(צֹר)		Acts 12:20

# Places
dHG									Azotus			Ἄζωτος/(אַשְׁדּוֹד)		Acts 8:40 Ashdod
dHG									Babylon			Βαβυλών/(בָּבֶל?)
dHG									Bethlehem			Βηθλεέμ/(בֵּית-לֶחֶם)
dHG									Bosor			Βοσόρ/(בְּעוֹר)		2 Pet 2:15
#									Canaan			Χαναάν/(כִּנַעַן)		Acts 7:11 but entered as a person above
dHG									Damascus			Δαμασκός/(דַּמֶּשֶׂק)
dHG									Egypt			Αἴγυπτος/(מִצְרַיִם)
dHG									Galilee			Γαλιλαία/(גָּלִיל)
dHG									Gaza			Γάζα/(עַזָּה)		Acts 8:26
G									Gehenna			γέεννα		Matt 23:33 Removed Hebrew /(הִנֹּם גֵּי) as no real benefit to readers
dHG									Golgotha			Γολγοθᾶ/(גֻּלְגֹּלֶת)
dHG									Gomorrah			Γόμορρα/(עֲמֹרָה)
dHG									Haran			Χαρράν/(חָרָן)		Acts 7:2
dHG									Jericho			Ἰεριχώ/(יְרִיחוֹ)		Heb 11:30
dHG									Jerusalem			Ἱερουσαλήμ/(יְרוּשָׁלַיִם)
dHG									Jordan			Ἰορδάνης/(יַרְדֵּן)
dHG									Kedron			Κεδρών/(קִדְרוֹן)		John 18:1
dHG									Lydda			Λύδδα/(לֹד)		Acts 9:32
dHG									Rama			Ῥαμά/(רָמָה)		Matt 2:18
dHG									Salem			Σαλήμ/(שָׁלֵם)
dHG									Samaria			Σαμάρεια/(שֹׁמְרוֹן)		Luke 17:11
dHG									Sarepta			Σάρεπτα/(צֱרְפַת)		Luke 4:26
dHG									Saron			Ασσαρών/(שָׁרוֹן)		Acts 9:35
dHG									Shechem			Συχέμ/(שְׁכֶם)		Acts 7:16
dHG									Sidon			Σιδών/(צִידוֹן)		Acts 12:20
dHG									Sinai			Σινᾶ/(סִינַי)		Acts 7:30
dHG									Sodom			Σόδομα/(סְדֹם)
wdHG									Syria			Συρία/(אֲרָם)
dHG									Tyre			Τύρος/(צֹר)
dHG									Zion			Σιών/(צִיּוֹן)

# Other
dHG									Ephphatha			Ἐφφαθά/(פְתַח)

# Post-processing -- we superscript people and place names that end with El or Yah
									ʼēl)			\sup ʼēl\sup*)
									yāh)			\sup yāh\sup*)
